{"RuleTriggered": 0, "Violations": 0, "Details": {"pin_memory": false, "num_workers": 0, "cores": 36, "dataloaders": 1, "dataloading_time": {"p25": 0.0223385, "p50": 0.023214, "p95": 0.02543465, "probs": [1, 0, 0, 0, 0, 0, 0, 0, 0, 0, 0, 0, 0, 0, 0, 0, 0, 0, 0, 0, 0, 0, 0, 0, 0, 0, 0, 0, 0, 0, 0, 0, 0, 0, 0, 0, 0, 0, 0, 0, 0, 0, 0, 0, 0, 0, 0, 0, 0, 0, 0, 0, 0, 0, 0, 0, 0, 0, 0, 0, 0, 0, 0, 0, 0, 0, 0, 0, 0, 0, 0, 0, 0, 0, 0, 0, 0, 0, 0, 0, 0, 1, 1, 1, 1, 0, 0, 0, 0, 1, 0, 1, 1, 0, 0, 0, 0, 1, 0, 1], "binedges": [0.006621, 0.00681149, 0.00700198, 0.00719247, 0.00738296, 0.00757345, 0.00776394, 0.00795443, 0.00814492, 0.00833541, 0.0085259, 0.008716390000000001, 0.008906879999999999, 0.00909737, 0.00928786, 0.00947835, 0.00966884, 0.00985933, 0.01004982, 0.010240309999999999, 0.0104308, 0.010621289999999999, 0.01081178, 0.01100227, 0.01119276, 0.01138325, 0.011573739999999999, 0.01176423, 0.011954719999999999, 0.01214521, 0.0123357, 0.01252619, 0.01271668, 0.012907169999999999, 0.013097659999999999, 0.013288149999999999, 0.01347864, 0.013669129999999998, 0.01385962, 0.01405011, 0.014240599999999999, 0.014431089999999999, 0.014621579999999999, 0.014812069999999998, 0.01500256, 0.01519305, 0.01538354, 0.015574029999999999, 0.015764519999999997, 0.01595501, 0.0161455, 0.016335989999999998, 0.016526479999999996, 0.016716969999999998, 0.01690746, 0.01709795, 0.01728844, 0.017478929999999997, 0.017669419999999998, 0.01785991, 0.0180504, 0.01824089, 0.018431379999999997, 0.01862187, 0.01881236, 0.019002849999999998, 0.019193339999999996, 0.019383829999999998, 0.01957432, 0.01976481, 0.0199553, 0.020145789999999997, 0.020336279999999998, 0.02052677, 0.020717259999999998, 0.020907749999999996, 0.021098239999999997, 0.02128873, 0.02147922, 0.02166971, 0.021860199999999996, 0.022050689999999998, 0.02224118, 0.02243167, 0.022622159999999995, 0.022812649999999997, 0.02300314, 0.02319363, 0.02338412, 0.023574609999999996, 0.023765099999999997, 0.02395559, 0.02414608, 0.024336569999999995, 0.024527059999999996, 0.024717549999999998, 0.02490804, 0.02509853, 0.025289019999999995, 0.025479509999999997, 0.02567]}}, "Datapoints": 10, "RuleParameters": "min_threshold:70\nmax_threshold:200"}