{"RuleTriggered": 0, "Violations": 0, "Details": {"step_num": {"first": 1627385686714501, "last": 1627387850248513}, "job_start": 1627385640.158246, "job_end": 1627387859.658397}, "Datapoints": 84, "RuleParameters": "threshold:20"}