{"RuleTriggered": 0, "Violations": 0, "Details": {"ratio": {"cpu_functions": 100.0}, "phase": {"Step:ModeKeys.GLOBAL": 102.78798498216624, "others": -2.7879849821662384}, "phase_time": {}, "general": {"DataLoaderIterInitialize": 0.011652633634893047, "Forward": 99.97870754912474, "DataLoaderIter": 0.009639817240370639}, "CPU": {"dropout": 3.4041519615841045, "matmul": 10.141893939477635, "mm": 26.333604087277756, "NativeLayerNormBackward": 7.2074540622581855, "native_layer_norm_backward": 7.205589419168936, "MmBackward": 17.571838394534414, "GeluBackward": 14.067932468147703, "gelu_backward": 14.067535667551267}, "CPU_total": {"dropout": 9582742, "matmul": 28549593, "mm": 74129515, "NativeLayerNormBackward": 20289098, "native_layer_norm_backward": 20283849, "MmBackward": 49465005, "GeluBackward": 39601454, "gelu_backward": 39600337}}, "Datapoints": 0, "RuleParameters": ""}